{
  "channels": [
    "defaults"
  ],
  "conda_build_version": "3.20.2",
  "conda_private": false,
  "conda_version": "4.8.4",
  "description": "Biopython is a collection of freely available Python tools for\ncomputational molecular biology\n",
  "dev_url": "https://github.com/biopython/biopython",
  "doc_url": "http://biopython.org",
  "env_vars": {
    "CIO_TEST": "<not set>"
  },
  "extra": {
    "copy_test_source_files": true,
    "final": true,
    "recipe-maintainers": [
      "souravsingh",
      "peterjc"
    ]
  },
  "home": "http://biopython.org",
  "identifiers": [],
  "keywords": [],
  "license": "Biopython License Agreement",
  "license_file": "LICENSE.rst",
  "root_pkgs": [
    "backports 1.0 py_2",
    "backports.functools_lru_cache 1.6.1 py_0",
    "backports.tempfile 1.0 py_1",
    "backports.weakref 1.0.post1 py_1",
    "beautifulsoup4 4.9.1 py38_0",
    "brotlipy 0.7.0 py38he774522_1000",
    "bzip2 1.0.8 he774522_0",
    "ca-certificates 2020.7.22 0",
    "certifi 2020.6.20 py38_0",
    "cffi 1.14.2 py38h7a1dbc1_0",
    "chardet 3.0.4 py38_1003",
    "click 7.1.2 py_0",
    "conda 4.8.4 py38_0",
    "conda-build 3.20.2 py38_0",
    "conda-package-handling 1.6.1 py38h62dcd97_0",
    "conda-verify 3.4.2 py_1",
    "cryptography 3.1 py38h7a1dbc1_0",
    "filelock 3.0.12 py_0",
    "future 0.18.2 py38_1",
    "git 2.23.0 h6bb4b03_0",
    "glob2 0.7 py_0",
    "idna 2.10 py_0",
    "jinja2 2.11.2 py_0",
    "libarchive 3.4.2 h5e25573_0",
    "libiconv 1.15 h1df5818_7",
    "liblief 0.10.1 ha925a31_0",
    "libxml2 2.9.10 h464c3ec_1",
    "lz4-c 1.9.2 h62dcd97_1",
    "m2-base 1.0.0 3",
    "m2-bash 4.3.042 5",
    "m2-bash-completion 2.3 2",
    "m2-catgets 1.1 3",
    "m2-coreutils 8.25 102",
    "m2-dash 0.5.8 2",
    "m2-diffutils 3.3 4",
    "m2-file 5.25 2",
    "m2-filesystem 2016.04 4",
    "m2-findutils 4.6.0 2",
    "m2-gawk 4.1.3 2",
    "m2-gcc-libs 5.3.0 4",
    "m2-gettext 0.19.7 4",
    "m2-gmp 6.1.0 3",
    "m2-grep 2.22 4",
    "m2-gzip 1.7 2",
    "m2-inetutils 1.9.2 2",
    "m2-info 6.0 2",
    "m2-less 481 2",
    "m2-libasprintf 0.19.7 4",
    "m2-libbz2 1.0.6 3",
    "m2-libcatgets 1.1 3",
    "m2-libcrypt 1.3 2",
    "m2-libgettextpo 0.19.7 4",
    "m2-libiconv 1.14 3",
    "m2-libintl 0.19.7 4",
    "m2-liblzma 5.2.2 2",
    "m2-libpcre 8.38 2",
    "m2-libreadline 6.3.008 8",
    "m2-libutil-linux 2.26.2 2",
    "m2-libxml2 2.9.2 3",
    "m2-make 4.1 5",
    "m2-mintty 1!2.2.3 2",
    "m2-mpfr 3.1.4 2",
    "m2-msys2-launcher-git 0.3.28.860c495 2",
    "m2-msys2-runtime 2.5.0.17080.65c939c 3",
    "m2-ncurses 6.0.20160220 2",
    "m2-patch 2.7.5 2",
    "m2-sed 4.2.2 3",
    "m2-tar 1.28 4",
    "m2-tftp-hpa 5.2 2",
    "m2-time 1.7 2",
    "m2-ttyrec 1.0.8 2",
    "m2-tzcode 2015.e 2",
    "m2-unzip 6.0 3",
    "m2-util-linux 2.26.2 2",
    "m2-which 2.21 3",
    "m2-zip 3.0 2",
    "m2-zlib 1.2.8 4",
    "markupsafe 1.1.1 py38he774522_0",
    "menuinst 1.4.16 py38he774522_1",
    "msys2-conda-epoch 20160418 1",
    "openssl 1.1.1g he774522_1",
    "pip 20.2.2 py38_0",
    "pkginfo 1.5.0.1 py38_0",
    "posix 1.0.0 2",
    "psutil 5.7.2 py38he774522_0",
    "py-lief 0.10.1 py38ha925a31_0",
    "pycosat 0.6.3 py38he774522_0",
    "pycparser 2.20 py_2",
    "pyopenssl 19.1.0 py_1",
    "pysocks 1.7.1 py38_0",
    "python 3.8.5 h5fd99cc_1",
    "python-libarchive-c 2.9 py_0",
    "pytz 2020.1 py_0",
    "pywin32 227 py38he774522_1",
    "pyyaml 5.3.1 py38he774522_1",
    "requests 2.24.0 py_0",
    "ruamel_yaml 0.15.87 py38he774522_1",
    "setuptools 49.6.0 py38_0",
    "six 1.15.0 py_0",
    "soupsieve 2.0.1 py_0",
    "sqlite 3.33.0 h2a8f88b_0",
    "tqdm 4.48.2 py_0",
    "urllib3 1.25.10 py_0",
    "vc 14.1 h0510ff6_4",
    "vs2015_runtime 14.16.27012 hf0eaf9b_3",
    "wheel 0.35.1 py_0",
    "wincertstore 0.2 py38_0",
    "win_inet_pton 1.1.0 py38_0",
    "xz 5.2.5 h62dcd97_0",
    "yaml 0.2.5 he774522_0",
    "zlib 1.2.11 h62dcd97_4",
    "zstd 1.4.5 h04227a9_0"
  ],
  "summary": "Collection of freely available tools for computational molecular biology",
  "tags": []
}