{
  "arch": "x86_64",
  "build": "py38he774522_0",
  "build_number": 0,
  "channel": "https://repo.anaconda.com/pkgs/main/win-64",
  "constrains": [],
  "depends": [
    "numpy",
    "python >=3.8,<3.9.0a0",
    "vc >=14.1,<15.0a0",
    "vs2015_runtime >=14.16.27012,<15.0a0"
  ],
  "features": "",
  "fn": "biopython-1.78-py38he774522_0.conda",
  "legacy_bz2_md5": "2c4e69b357fc396892340b1c3892a015",
  "license": "Biopython License Agreement",
  "md5": "cba8a860418df8b74f9ca0496e696a47",
  "name": "biopython",
  "platform": "win32",
  "sha256": "c1df13ee5197ddcc57c7005b8e1a15c3580de6d09976128979fb0ba2b014f9ea",
  "size": 2226545,
  "subdir": "win-64",
  "timestamp": 1600333965120,
  "track_features": "",
  "url": "https://repo.anaconda.com/pkgs/main/win-64/biopython-1.78-py38he774522_0.conda",
  "version": "1.78"
}